{"rmse": 218.16936119166365, "std of error": 217.7881146296008, "The ratio of error in -10.000000~10.000000": 65.53191489361701}