{"rmse": 106.40496430349475, "std of error": 105.54072272181382, "The ratio of error in -20.000000~20.000000": 68.75}