{"rmse": 1477.651664891641, "std of error": 1477.176119847437, "The ratio of error in -10.000000~10.000000": 35.82781456953643}