{"rmse": 2557.1346439165864, "std of error": 2557.12421146463, "The ratio of error in -10.000000~10.000000": 34.48726322664925}