{"rmse": 98.68251298302974, "std of error": 97.40197353882306, "The ratio of error in -20.000000~20.000000": 40.78947368421053}