{"rmse": 102.78488190733574, "std of error": 101.87924077260278, "The ratio of error in -20.000000~20.000000": 62.23021582733813}