{"rmse": 182.17349118933646, "std of error": 178.31844894213074, "The ratio of error in -20.000000~20.000000": 36.016949152542374}