{"rmse": 166.03461693235187, "std of error": 165.31722377015933, "The ratio of error in -20.000000~20.000000": 59.68586387434554}