{"rmse": 324.65332228887104, "std of error": 323.9293457999575, "The ratio of error in -10.000000~10.000000": 60.836501901140686}