{"rmse": 214.13185249380575, "std of error": 213.49025592034727, "The ratio of error in -20.000000~20.000000": 36.2962962962963}