{"rmse": 242.88271855368225, "std of error": 242.48835210489992, "The ratio of error in -20.000000~20.000000": 61.20218579234973}