{"rmse": 135.80790064218593, "std of error": 135.75181285636958, "The ratio of error in -10.000000~10.000000": 58.06451612903226}