{"rmse": 607.393912878623, "std of error": 603.5810593413969, "The ratio of error in -20.000000~20.000000": 30.833333333333336}