{"rmse": 141.18482608492673, "std of error": 139.55709018202433, "The ratio of error in -20.000000~20.000000": 28.222996515679444}