{"rmse": 130.12657687863123, "std of error": 129.88686127370826, "The ratio of error in -20.000000~20.000000": 66.15384615384615}