{"rmse": 400.85249696160116, "std of error": 400.21246086077326, "The ratio of error in -10.000000~10.000000": 63.358778625954194}