{"rmse": 189.87527939911698, "std of error": 188.76325535980007, "The ratio of error in -20.000000~20.000000": 33.734939759036145}