{"rmse": 1908.072495795659, "std of error": 1903.4535462207127, "The ratio of error in -20.000000~20.000000": 64.41441441441441}