{"rmse": 1001.4713801693398, "std of error": 999.3822978195407, "The ratio of error in -10.000000~10.000000": 66.21621621621621}