{"rmse": 185.29827676916386, "std of error": 183.5589208932788, "The ratio of error in -20.000000~20.000000": 41.29554655870445}