{"rmse": 751.2226498091547, "std of error": 750.8232342961782, "The ratio of error in -10.000000~10.000000": 35.73281452658885}