{"rmse": 515.0730045617522, "std of error": 513.4175930771455, "The ratio of error in -20.000000~20.000000": 36.25}