{"rmse": 138.4765197733224, "std of error": 136.0889732479956, "The ratio of error in -20.000000~20.000000": 40.174672489082965}