{"rmse": 64.82316929106982, "std of error": 64.81776320973876, "The ratio of error in -20.000000~20.000000": 65.48672566371681}