{"rmse": 158.521127791254, "std of error": 157.64634680543506, "The ratio of error in -20.000000~20.000000": 59.624413145539904}