{"rmse": 196.54461484359896, "std of error": 195.18427813885327, "The ratio of error in -20.000000~20.000000": 34.66135458167331}