{"rmse": 230.4670912864333, "std of error": 230.1379164310258, "The ratio of error in -20.000000~20.000000": 60.78431372549019}