{"rmse": 101.85045175184918, "std of error": 101.370855706708, "The ratio of error in -20.000000~20.000000": 51.39442231075697}