{"rmse": 214.94196148069753, "std of error": 214.77175617784545, "The ratio of error in -20.000000~20.000000": 56.30252100840336}