{"rmse": 1805.378089311575, "std of error": 1801.5460120657228, "The ratio of error in -20.000000~20.000000": 60.88709677419355}