{"rmse": 60.91612883590133, "std of error": 60.91512538111933, "The ratio of error in -20.000000~20.000000": 70.49180327868852}