{"rmse": 1095.0994748247715, "std of error": 1092.8724151945746, "The ratio of error in -10.000000~10.000000": 62.37623762376238}