{"rmse": 169.31054856085007, "std of error": 166.87609653389205, "The ratio of error in -20.000000~20.000000": 42.97872340425532}