{"rmse": 137.76311088764123, "std of error": 137.27381477682198, "The ratio of error in -10.000000~10.000000": 64.11290322580645}