{"rmse": 101.71118467167354, "std of error": 101.03877201183273, "The ratio of error in -20.000000~20.000000": 54.794520547945204}