{"rmse": 406.09847833723353, "std of error": 404.8174021463261, "The ratio of error in -10.000000~10.000000": 35.16245487364621}