{"rmse": 165.99857484132247, "std of error": 164.9836336688989, "The ratio of error in -20.000000~20.000000": 56.837606837606835}