{"rmse": 100.48395965971154, "std of error": 99.81919913569604, "The ratio of error in -20.000000~20.000000": 68.14159292035397}