{"rmse": 768.8563029723514, "std of error": 768.5903437879996, "The ratio of error in -10.000000~10.000000": 37.76630083925113}