{"rmse": 243.2140977884633, "std of error": 242.00706949433194, "The ratio of error in -20.000000~20.000000": 34.26294820717131}