{"rmse": 59.62447594949549, "std of error": 59.62258302815807, "The ratio of error in -20.000000~20.000000": 67.31707317073172}