{"rmse": 80.92850817064895, "std of error": 80.46032514060627, "The ratio of error in -20.000000~20.000000": 56.41025641025641}