{"rmse": 583.2329634009087, "std of error": 582.4190522882571, "The ratio of error in -10.000000~10.000000": 39.061371841155236}