{"rmse": 720.459770293892, "std of error": 720.34401535407, "The ratio of error in -10.000000~10.000000": 36.24070317782285}