{"mean of return with selecting 5 stock": 0.12506210579447496, "95% confidience interval of return with selecting 5 stock": [0.08334218779377668, 0.17278044947433863], "The ratio of return>0.050000": 56.481481481481474}