{"mean of return with selecting 10 stocks": 0.06132035173604979, "95% confidience interval of return with selecting 10 stock": [-0.17125541979720754, 0.3321755973548771], "The ratio of return>0.050000": 28.947368421052634}