{"mean of return with selecting 10 stocks": 0.2575693914111178, "95% confidience interval of return with selecting 10 stock": [0.04577715354106096, 0.41958286114499493], "The ratio of return>0.050000": 50.0}