{"mean of return with selecting 5 stock": 0.19694227327875763, "95% confidience interval of return with selecting 5 stock": [0.1517538378107681, 0.22910279351481116], "The ratio of return>0.050000": 68.51851851851852}