{"mean of return with selecting 10 stocks": 0.028354349732550764, "95% confidience interval of return with selecting 10 stock": [-0.041846454842952636, 0.15783132612967798], "The ratio of return>0.050000": 37.7431906614786}