{"mean of return with selecting 5 stock": -0.08911256053067046, "95% confidience interval of return with selecting 5 stock": [-0.14990840581141968, -0.02911297612919484], "The ratio of return>0.050000": 31.03448275862069}