{"mean of return with selecting 5 stock": 0.1931582478990073, "95% confidience interval of return with selecting 5 stock": [0.13506903471397064, 0.24599715148044532], "The ratio of return>0.050000": 62.616822429906534}