{"mean of return with selecting 10 stocks": 0.3641200157758288, "95% confidience interval of return with selecting 10 stock": [0.2020740330463325, 0.5388422061381162], "The ratio of return>0.050000": 80.55555555555556}