{"mean of return with selecting 10 stocks": 0.24309942222857167, "95% confidience interval of return with selecting 10 stock": [0.07931608953463003, 0.4160652967910895], "The ratio of return>0.050000": 52.38095238095239}