{"mean of return with selecting 5 stock": 0.5291915483802886, "95% confidience interval of return with selecting 5 stock": [0.3091079054356194, 0.6220293003672347], "The ratio of return>0.050000": 86.95652173913044}