{"mean of return with selecting 5 stock": 0.06712388961478208, "95% confidience interval of return with selecting 5 stock": [0.032490252236241204, 0.09778629373501978], "The ratio of return>0.050000": 45.07042253521127}