{"mean of return with selecting 5 stock": 0.208975008271204, "95% confidience interval of return with selecting 5 stock": [0.11756852348441538, 0.2908910907090374], "The ratio of return>0.050000": 77.77777777777779}