{"mean of return with selecting 5 stock": -0.1332807584339197, "95% confidience interval of return with selecting 5 stock": [-0.1667461277372664, -0.08437895681614936], "The ratio of return>0.050000": 19.27710843373494}