{"mean of return with selecting 5 stock": 0.07837100992796671, "95% confidience interval of return with selecting 5 stock": [0.026696808101233958, 0.14481058346830358], "The ratio of return>0.050000": 36.507936507936506}