{"mean of return with selecting 10 stocks": 0.05487786206391977, "95% confidience interval of return with selecting 10 stock": [-0.2026721924615721, 0.2653134732801061], "The ratio of return>0.050000": 30.23255813953488}