{"mean of return with selecting 10 stocks": 0.371228807678764, "95% confidience interval of return with selecting 10 stock": [0.24223174573708062, 0.5434863886414645], "The ratio of return>0.050000": 66.66666666666666}