{"mean of return with selecting 10 stocks": 0.10594020521147593, "95% confidience interval of return with selecting 10 stock": [0.03910369429418043, 0.1543838568542973], "The ratio of return>0.050000": 42.738589211618255}