{"mean of return with selecting 5 stock": 0.16975777732253225, "95% confidience interval of return with selecting 5 stock": [0.09569962643816557, 0.2665080309833502], "The ratio of return>0.050000": 65.625}