{"mean of return with selecting 5 stock": -0.12788735354699382, "95% confidience interval of return with selecting 5 stock": [-0.1759004172305377, -0.08629778807700393], "The ratio of return>0.050000": 19.27710843373494}