{"mean of return with selecting 5 stock": 0.3387986877695449, "95% confidience interval of return with selecting 5 stock": [0.23958025937018512, 0.39602490766193665], "The ratio of return>0.050000": 66.66666666666666}