{"mean of return with selecting 10 stocks": 0.5554061431619195, "95% confidience interval of return with selecting 10 stock": [0.1648291067491453, 1.0283319262033677], "The ratio of return>0.050000": 100.0}