{"mean of return with selecting 10 stocks": 0.19645653659003579, "95% confidience interval of return with selecting 10 stock": [0.12143330437972082, 0.26285193810404545], "The ratio of return>0.050000": 53.42465753424658}