{"mean of return with selecting 10 stocks": 0.22826928882034161, "95% confidience interval of return with selecting 10 stock": [0.17305391637652473, 0.3084105870010241], "The ratio of return>0.050000": 59.375}