{"mean of return with selecting 10 stocks": 0.26752006002982137, "95% confidience interval of return with selecting 10 stock": [-0.005120376297747715, 0.48716927085156014], "The ratio of return>0.050000": 72.72727272727273}