{"mean of return with selecting 10 stocks": 0.5198980850275876, "95% confidience interval of return with selecting 10 stock": [0.2917338619309934, 0.777283400754961], "The ratio of return>0.050000": 72.72727272727273}