{"mean of return with selecting 5 stock": 0.2468440232140595, "95% confidience interval of return with selecting 5 stock": [0.2038953161455253, 0.30696668887530504], "The ratio of return>0.050000": 59.45945945945946}