{"mean of return with selecting 5 stock": -0.18356544187640483, "95% confidience interval of return with selecting 5 stock": [-0.20287039925719777, -0.16127404744430082], "The ratio of return>0.050000": 11.538461538461538}