{"mean of return with selecting 5 stock": 0.059284342948662916, "95% confidience interval of return with selecting 5 stock": [-0.04997719330382031, 0.25726339262154685], "The ratio of return>0.050000": 39.39393939393939}