{"mean of return with selecting 10 stocks": 0.22627362289901615, "95% confidience interval of return with selecting 10 stock": [0.1696856956949785, 0.30882448605392], "The ratio of return>0.050000": 59.375}