{"mean of return with selecting 10 stocks": 0.40225957602763424, "95% confidience interval of return with selecting 10 stock": [0.2781910760765619, 0.5449197399354996], "The ratio of return>0.050000": 72.0}