{"mean of return with selecting 5 stock": 0.42135362217338856, "95% confidience interval of return with selecting 5 stock": [0.29957592228101404, 0.552141476384093], "The ratio of return>0.050000": 78.04878048780488}