{"mean of return with selecting 5 stock": 0.5744361078169984, "95% confidience interval of return with selecting 5 stock": [0.5355229765967529, 0.621322553960894], "The ratio of return>0.050000": 87.6923076923077}