{"mean of return with selecting 5 stock": 0.20078537565935045, "95% confidience interval of return with selecting 5 stock": [0.18461844836325264, 0.2294670361974505], "The ratio of return>0.050000": 71.23287671232876}