{"mean of return with selecting 10 stocks": 0.39633665438606924, "95% confidience interval of return with selecting 10 stock": [0.3025826846224595, 0.5009096078181088], "The ratio of return>0.050000": 80.55555555555556}