{"mean of return with selecting 10 stocks": 0.24541803955319547, "95% confidience interval of return with selecting 10 stock": [0.11733790577574521, 0.4023051952390453], "The ratio of return>0.050000": 51.85185185185185}