{"mean of return with selecting 10 stocks": 0.020564071045936015, "95% confidience interval of return with selecting 10 stock": [-0.05408429878243059, 0.14931831750892804], "The ratio of return>0.050000": 37.7431906614786}