{"mean of return with selecting 5 stock": 0.03706684856712368, "95% confidience interval of return with selecting 5 stock": [0.013578096060172152, 0.0864748847975704], "The ratio of return>0.050000": 45.07042253521127}