{"mean of return with selecting 5 stock": 0.03230794898188337, "95% confidience interval of return with selecting 5 stock": [-0.007020831187981497, 0.05783694472905484], "The ratio of return>0.050000": 37.5}