{"mean of return with selecting 5 stock": 0.05815577946216892, "95% confidience interval of return with selecting 5 stock": [0.018167095807536913, 0.10072031405290675], "The ratio of return>0.050000": 39.08045977011494}