{"mean of return with selecting 5 stock": 0.12126948711609893, "95% confidience interval of return with selecting 5 stock": [0.09621252346155021, 0.15072655083440378], "The ratio of return>0.050000": 49.54128440366973}