{"mean of return with selecting 5 stock": -0.09458483454497726, "95% confidience interval of return with selecting 5 stock": [-0.15215057021794204, -0.024306961261214448], "The ratio of return>0.050000": 22.22222222222222}