{"mean of return with selecting 10 stocks": 0.34868533744375263, "95% confidience interval of return with selecting 10 stock": [0.2338861612974534, 0.5034210306618566], "The ratio of return>0.050000": 64.91228070175438}