{"mean of return with selecting 5 stock": 0.23626650145128564, "95% confidience interval of return with selecting 5 stock": [0.2155571108612209, 0.25930347876379606], "The ratio of return>0.050000": 78.72340425531915}