{"mean of return with selecting 5 stock": 0.4870765434236651, "95% confidience interval of return with selecting 5 stock": [0.4265340183701457, 0.5340230735276864], "The ratio of return>0.050000": 83.16831683168317}