{"mean of return with selecting 10 stocks": 0.4338757649430688, "95% confidience interval of return with selecting 10 stock": [0.3655735427044185, 0.5388761425741726], "The ratio of return>0.050000": 78.125}