{"mean of return with selecting 5 stock": 0.3387315029370241, "95% confidience interval of return with selecting 5 stock": [0.31098717216652244, 0.3686313586887806], "The ratio of return>0.050000": 66.66666666666666}