{"mean of return with selecting 5 stock": 0.13606187069102352, "95% confidience interval of return with selecting 5 stock": [0.1024416720435784, 0.16207169435729388], "The ratio of return>0.050000": 56.481481481481474}