{"mean of return with selecting 10 stocks": 0.1016519396072543, "95% confidience interval of return with selecting 10 stock": [0.05466042183340214, 0.14858424001148443], "The ratio of return>0.050000": 43.56846473029046}