{"mean of return with selecting 10 stocks": 0.5311518128609072, "95% confidience interval of return with selecting 10 stock": [0.39430584409591063, 0.763104065957879], "The ratio of return>0.050000": 71.08433734939759}