{"mean of return with selecting 5 stock": 0.09218878842180528, "95% confidience interval of return with selecting 5 stock": [0.06240166765372359, 0.12488394232209404], "The ratio of return>0.050000": 51.587301587301596}