{"mean of return with selecting 10 stocks": 0.09642285539483378, "95% confidience interval of return with selecting 10 stock": [-0.11144027157395034, 0.4672929612322617], "The ratio of return>0.050000": 40.625}