{"mean of return with selecting 10 stocks": 0.19441374236049996, "95% confidience interval of return with selecting 10 stock": [0.11840815923493757, 0.25610632155022917], "The ratio of return>0.050000": 53.76712328767124}