{"mean of return with selecting 10 stocks": 0.09938308604985427, "95% confidience interval of return with selecting 10 stock": [-0.09814498332100494, 0.43782630397311895], "The ratio of return>0.050000": 37.5}