{"mean of return with selecting 10 stocks": 0.15873805952894607, "95% confidience interval of return with selecting 10 stock": [-0.0032927265762066394, 0.3118469875352228], "The ratio of return>0.050000": 49.01960784313725}