{"mean of return with selecting 10 stocks": 0.21363690537563557, "95% confidience interval of return with selecting 10 stock": [0.04682715279895832, 0.41958590001616575], "The ratio of return>0.050000": 52.17391304347826}