{"mean of return with selecting 5 stock": 0.14504202590508047, "95% confidience interval of return with selecting 5 stock": [0.10241913674126749, 0.18544106120758755], "The ratio of return>0.050000": 56.36363636363636}