{"mean of return with selecting 5 stock": 0.08957037263696446, "95% confidience interval of return with selecting 5 stock": [0.06899940677038012, 0.11650997704005941], "The ratio of return>0.050000": 45.94594594594595}