{"mean of return with selecting 10 stocks": 0.23562159474415614, "95% confidience interval of return with selecting 10 stock": [-0.10918928614166441, 0.6905713423456367], "The ratio of return>0.050000": 42.857142857142854}