{"mean of return with selecting 5 stock": 0.1990088707494855, "95% confidience interval of return with selecting 5 stock": [0.1761888999576684, 0.23606981558758802], "The ratio of return>0.050000": 50.0}