{"mean of return with selecting 5 stock": 0.23277942501205412, "95% confidience interval of return with selecting 5 stock": [0.1898717747479378, 0.2904431544933093], "The ratio of return>0.050000": 62.616822429906534}