{"mean of return with selecting 5 stock": 0.07856199582438975, "95% confidience interval of return with selecting 5 stock": [0.04224783114371258, 0.1202485812801518], "The ratio of return>0.050000": 47.368421052631575}