{"mean of return with selecting 5 stock": -0.05160979995420388, "95% confidience interval of return with selecting 5 stock": [-0.09516320232623604, -0.02084987191290346], "The ratio of return>0.050000": 34.065934065934066}