{"mean of return with selecting 5 stock": 0.17734257996187452, "95% confidience interval of return with selecting 5 stock": [0.08670130813722146, 0.24762623516411605], "The ratio of return>0.050000": 58.97435897435898}