{"mean of return with selecting 5 stock": 0.004939772591909318, "95% confidience interval of return with selecting 5 stock": [-0.02881729064394455, 0.03251325274868412], "The ratio of return>0.050000": 39.08045977011494}